use gestion_hotels;
INSERT INTO `stations`  VALUES(1, 'La Montagne', 2500);
INSERT INTO `stations`  VALUES(2, 'Le Sud', 200);
INSERT INTO `stations`  VALUES(3, 'La Plage', 10);
INSERT INTO `stations`  VALUES(4, 'Alpe d Huez', 1860);
INSERT INTO `stations`  VALUES(5, 'Areches', 1200);
INSERT INTO `stations`  VALUES(6, 'Beaufort', 1200);
INSERT INTO `stations`  VALUES(7, 'Aussois', 1500);
INSERT INTO `stations`  VALUES(8, 'Avoriaz', 1800);

INSERT INTO `clients`  VALUES(1, 'DOE', 'John', 'Rue Du General Leclerc', 'Chatenay Malabry');
INSERT INTO `clients`  VALUES(2, 'HOMME', 'Josh', 'Rue Danton', 'Palm Desert');
INSERT INTO `clients`  VALUES(3, 'PAUL', 'Weller', 'Rue Hoche', 'Londres');
INSERT INTO `clients`  VALUES(4, 'WHITE', 'Jack', 'Allee Gustave Eiffel', 'Detroit');
INSERT INTO `clients`  VALUES(5, 'CLAYPOOL', 'Les', 'Rue Jean Pierre Timbaud', 'San Francisco');
INSERT INTO `clients`  VALUES(6, 'SQUIRE', 'Chris', 'Place Paul Vaillant Couturier', 'Londres');
INSERT INTO `clients`  VALUES(7, 'WOOD', 'Ronnie', 'Rue Erevan', 'Londres');
INSERT INTO `clients`  VALUES(8, 'THUNDERS', 'Johnny', 'Rue Du General Leclerc', 'New York');
INSERT INTO `clients`  VALUES(9, 'JEUNEMAITRE', 'Eric', 'Rue Du General Leclerc', 'Chaville');
INSERT INTO `clients`  VALUES(10, 'KARAM', 'Patrick', 'Rue Danton', 'Courbevoie');
INSERT INTO `clients`  VALUES(11, 'RUFET', 'Corinne', 'Rue Hoche', 'Le Plessis Robinson');
INSERT INTO `clients`  VALUES(12, 'SAINT JUST ', 'Wallerand', 'Allee Gustave Eiffel', 'Marnes La Coquette');
INSERT INTO `clients`  VALUES(13, 'SANTINI', 'Jean-Luc', 'Rue Jean Pierre Timbaud', 'Chatenay Malabry');
INSERT INTO `clients`  VALUES(14, 'AIT', 'Eddie', 'Place Paul Vaillant Couturier', 'Le Plessis Robinson');
INSERT INTO `clients`  VALUES(15, 'BARBOTIN', 'Eddie', 'Rue Erevan', 'Chatenay Malabry');
INSERT INTO `clients`  VALUES(16, 'BERESSI', 'Isabelle', 'Rue Du General Leclerc', 'Londres');
INSERT INTO `clients`  VALUES(17, 'CAMARA', 'Lamine', 'Rue Ernest Renan', 'Antony');
INSERT INTO `clients`  VALUES(18, 'CECCONI', 'Frank', 'Rue Georges Marie', 'Chatenay Malabry');
INSERT INTO `clients`  VALUES(19, 'CHEVRON', 'Eric', 'Boulevard Gallieni', 'Suresnes');
INSERT INTO `clients`  VALUES(20, 'CIUNTU', 'Marie-Carole', 'Esplanade Du Belvedere', 'Meudon');

INSERT INTO `hotels`(`idHotel`, `idStation`,`nomHotel`, `categorieHotel`, `adresseHotel`, `villeHotel`)  VALUES(1, 1, 'Le Magnifique', 3, 'rue du bas', 'Pralo');
INSERT INTO `hotels`(`idHotel`, `idStation`,`nomHotel`, `categorieHotel`, `adresseHotel`, `villeHotel`)   VALUES(2, 1, 'Hotel du haut', 1, 'rue du haut', 'Pralo');
INSERT INTO `hotels`(`idHotel`, `idStation`,`nomHotel`, `categorieHotel`, `adresseHotel`, `villeHotel`)   VALUES(3, 2, 'Le Narval', 3, 'place de la liberation', 'Vonten');
INSERT INTO `hotels`(`idHotel`, `idStation`,`nomHotel`, `categorieHotel`, `adresseHotel`, `villeHotel`)   VALUES(4, 2, 'Les Pissenlis', 4, 'place du 14 juillet', 'Bretou');
INSERT INTO `hotels`(`idHotel`, `idStation`,`nomHotel`, `categorieHotel`, `adresseHotel`, `villeHotel`)   VALUES(5, 2, 'RR Hotel', 5, 'place du bas', 'Bretou');
INSERT INTO `hotels`(`idHotel`, `idStation`,`nomHotel`, `categorieHotel`, `adresseHotel`, `villeHotel`)   VALUES(6, 2, 'La Brique', 2, 'place du haut', 'Bretou');
INSERT INTO `hotels`(`idHotel`, `idStation`,`nomHotel`, `categorieHotel`, `adresseHotel`, `villeHotel`)   VALUES(7, 3, 'Le Beau Rivage', 3, 'place du centre', 'Toras');
INSERT INTO `hotels`(`idHotel`, `idStation`,`nomHotel`, `categorieHotel`, `adresseHotel`, `villeHotel`)   VALUES(8, 6, 'Résidence les marmottes', 1, '1 Chemin des randonneurs', 'Alpe d Huez');
INSERT INTO `hotels`(`idHotel`, `idStation`,`nomHotel`, `categorieHotel`, `adresseHotel`, `villeHotel`)   VALUES(9, 2, 'Résidence les edelweiss', 5, '2 Rue des sapins', 'Areches');
INSERT INTO `hotels`(`idHotel`, `idStation`,`nomHotel`, `categorieHotel`, `adresseHotel`, `villeHotel`)   VALUES(10, 2, 'Résidence les panoramas', 4, '7 Avenue de la neige', 'Beaufort');
INSERT INTO `hotels`(`idHotel`, `idStation`,`nomHotel`, `categorieHotel`, `adresseHotel`, `villeHotel`)   VALUES(11, 4, 'Résidence les sapins', 5, '8 Chemin des pissenlits', 'Aussois');
INSERT INTO `hotels`(`idHotel`, `idStation`,`nomHotel`, `categorieHotel`, `adresseHotel`, `villeHotel`)   VALUES(12, 3, 'Chalets les marmottes', 3, '10 Rue des etables', 'Avoriaz');
INSERT INTO `hotels`(`idHotel`, `idStation`,`nomHotel`, `categorieHotel`, `adresseHotel`, `villeHotel`)   VALUES(13, 8, 'Chalets les edelweiss', 3, '8 Avenue des sapins', 'Alpe d Huez');
INSERT INTO `hotels`(`idHotel`, `idStation`,`nomHotel`, `categorieHotel`, `adresseHotel`, `villeHotel`)   VALUES(14, 6, 'Chalets les panoramas', 2, '3 Chemin de la neige', 'Areches');
INSERT INTO `hotels`(`idHotel`, `idStation`,`nomHotel`, `categorieHotel`, `adresseHotel`, `villeHotel`)   VALUES(15, 8, 'Chalets les sapins', 5, '3 Rue des pissenlits', 'Beaufort');

INSERT INTO `chambres` (`IdChambre`,`idHotel`, `numChambre`, `capaciteChambre`,`typeChambre` ) VALUES(1, 1, 101, 1, 1);
INSERT INTO `chambres` (`IdChambre`,`idHotel`, `numChambre`, `capaciteChambre`,`typeChambre` ) VALUES(2, 1, 102, 2, 1);
INSERT INTO `chambres` (`IdChambre`,`idHotel`, `numChambre`, `capaciteChambre`,`typeChambre` ) VALUES(3, 1, 103, 1, 1);
INSERT INTO `chambres` (`IdChambre`,`idHotel`, `numChambre`, `capaciteChambre`,`typeChambre` ) VALUES(4, 2, 104, 2, 1);
INSERT INTO `chambres` (`IdChambre`,`idHotel`, `numChambre`, `capaciteChambre`,`typeChambre` ) VALUES(5, 2, 105, 2, 1);
INSERT INTO `chambres` (`IdChambre`,`idHotel`, `numChambre`, `capaciteChambre`,`typeChambre` ) VALUES(6, 2, 106, 1, 1);
INSERT INTO `chambres` (`IdChambre`,`idHotel`, `numChambre`, `capaciteChambre`,`typeChambre` ) VALUES(7, 3, 107, 3, 1);
INSERT INTO `chambres` (`IdChambre`,`idHotel`, `numChambre`, `capaciteChambre`,`typeChambre` ) VALUES(8, 3, 108, 1, 1);
INSERT INTO `chambres` (`IdChambre`,`idHotel`, `numChambre`, `capaciteChambre`,`typeChambre` ) VALUES(9, 3, 109, 2, 1);
INSERT INTO `chambres` (`IdChambre`,`idHotel`, `numChambre`, `capaciteChambre`,`typeChambre` ) VALUES(10, 4, 235, 1, 1);
INSERT INTO `chambres` (`IdChambre`,`idHotel`, `numChambre`, `capaciteChambre`,`typeChambre` ) VALUES(11, 4, 157, 1, 1);
INSERT INTO `chambres` (`IdChambre`,`idHotel`, `numChambre`, `capaciteChambre`,`typeChambre` ) VALUES(12, 7, 874, 1, 1);
INSERT INTO `chambres` (`IdChambre`,`idHotel`, `numChambre`, `capaciteChambre`,`typeChambre` ) VALUES(13, 7, 125, 5, 1);
INSERT INTO `chambres` (`IdChambre`,`idHotel`, `numChambre`, `capaciteChambre`,`typeChambre` ) VALUES(14, 6, 101, 3, 1);
INSERT INTO `chambres` (`IdChambre`,`idHotel`, `numChambre`, `capaciteChambre`,`typeChambre` ) VALUES(15, 6, 102, 3, 1);
INSERT INTO `chambres` (`IdChambre`,`idHotel`, `numChambre`, `capaciteChambre`,`typeChambre` ) VALUES(16, 10, 103, 2, 1);
INSERT INTO `chambres` (`IdChambre`,`idHotel`, `numChambre`, `capaciteChambre`,`typeChambre` ) VALUES(17, 15, 104, 3, 1);
INSERT INTO `chambres` (`IdChambre`,`idHotel`, `numChambre`, `capaciteChambre`,`typeChambre` ) VALUES(18, 6, 105, 3, 1);
INSERT INTO `chambres` (`IdChambre`,`idHotel`, `numChambre`, `capaciteChambre`,`typeChambre` ) VALUES(19, 15, 106, 1, 1);
INSERT INTO `chambres` (`IdChambre`,`idHotel`, `numChambre`, `capaciteChambre`,`typeChambre` ) VALUES(20, 11, 107, 1, 1);
INSERT INTO `chambres` (`IdChambre`,`idHotel`, `numChambre`, `capaciteChambre`,`typeChambre` ) VALUES(21, 13, 108, 2, 1);
INSERT INTO `chambres` (`IdChambre`,`idHotel`, `numChambre`, `capaciteChambre`,`typeChambre` ) VALUES(22, 10, 109, 2, 1);
INSERT INTO `chambres` (`IdChambre`,`idHotel`, `numChambre`, `capaciteChambre`,`typeChambre` ) VALUES(23, 12, 235, 3, 1);
INSERT INTO `chambres` (`IdChambre`,`idHotel`, `numChambre`, `capaciteChambre`,`typeChambre` ) VALUES(24, 11, 157, 1, 1);
INSERT INTO `chambres` (`IdChambre`,`idHotel`, `numChambre`, `capaciteChambre`,`typeChambre` ) VALUES(25, 7, 874, 2, 1);
INSERT INTO `chambres` (`IdChambre`,`idHotel`, `numChambre`, `capaciteChambre`,`typeChambre` ) VALUES(26, 9, 125, 1, 1);
INSERT INTO `chambres` (`IdChambre`,`idHotel`, `numChambre`, `capaciteChambre`,`typeChambre` ) VALUES(27, 8, 101, 3, 1);
INSERT INTO `chambres` (`IdChambre`,`idHotel`, `numChambre`, `capaciteChambre`,`typeChambre` ) VALUES(28, 15, 102, 3, 1);
INSERT INTO `chambres` (`IdChambre`,`idHotel`, `numChambre`, `capaciteChambre`,`typeChambre` ) VALUES(29, 11, 103, 1, 1);
INSERT INTO `chambres` (`IdChambre`,`idHotel`, `numChambre`, `capaciteChambre`,`typeChambre` ) VALUES(30, 11, 104, 1, 1);
INSERT INTO `chambres` (`IdChambre`,`idHotel`, `numChambre`, `capaciteChambre`,`typeChambre` ) VALUES(31, 13, 105, 1, 1);
INSERT INTO `chambres` (`IdChambre`,`idHotel`, `numChambre`, `capaciteChambre`,`typeChambre` ) VALUES(32, 15, 106, 2, 1);
INSERT INTO `chambres` (`IdChambre`,`idHotel`, `numChambre`, `capaciteChambre`,`typeChambre` ) VALUES(33, 12, 107, 2, 1);
INSERT INTO `chambres` (`IdChambre`,`idHotel`, `numChambre`, `capaciteChambre`,`typeChambre` ) VALUES(34, 9, 108, 1, 1);
INSERT INTO `chambres` (`IdChambre`,`idHotel`, `numChambre`, `capaciteChambre`,`typeChambre` ) VALUES(35, 13, 109, 3, 1);
INSERT INTO `chambres` (`IdChambre`,`idHotel`, `numChambre`, `capaciteChambre`,`typeChambre` ) VALUES(36, 8, 235, 3, 1);
INSERT INTO `chambres` (`IdChambre`,`idHotel`, `numChambre`, `capaciteChambre`,`typeChambre` ) VALUES(37, 14, 157, 3, 1);
INSERT INTO `chambres` (`IdChambre`,`idHotel`, `numChambre`, `capaciteChambre`,`typeChambre` ) VALUES(38, 8, 874, 1, 1);
INSERT INTO `chambres` (`IdChambre`,`idHotel`, `numChambre`, `capaciteChambre`,`typeChambre` ) VALUES(39, 10, 125, 2, 1);

INSERT INTO `reservations`(`idReservation`,  `IdChambre` , `idClient`,`dateReservationSejour`, `dateDebutSejour`, `dateFinSejour`, `prixSejour`, `arrhesSejour`) VALUES(3, 1, 1, '2009-05-01 00:00:00', '2009-07-01 00:00:00', '2009-07-31 00:00:00', 2400, 800);
INSERT INTO `reservations`(`idReservation`,  `IdChambre` , `idClient`,`dateReservationSejour`, `dateDebutSejour`, `dateFinSejour`, `prixSejour`, `arrhesSejour`)   VALUES(4, 1, 3, '2009-07-01 00:00:00', '2009-08-01 00:00:00', '2009-07-31 00:00:00', 400, 50);
INSERT INTO `reservations`(`idReservation`,  `IdChambre` , `idClient`,`dateReservationSejour`, `dateDebutSejour`, `dateFinSejour`, `prixSejour`, `arrhesSejour`)   VALUES(5, 2, 2, '2009-06-01 00:00:00', '2009-07-01 00:00:00', '2009-07-31 00:00:00', 3400, 100);
INSERT INTO `reservations`(`idReservation`,  `IdChambre` , `idClient`,`dateReservationSejour`, `dateDebutSejour`, `dateFinSejour`, `prixSejour`, `arrhesSejour`)   VALUES(6, 2, 4, '2009-08-01 00:00:00', '2009-08-01 00:00:00', '2009-07-31 00:00:00', 7200, 1800);
INSERT INTO `reservations`(`idReservation`,  `IdChambre` , `idClient`,`dateReservationSejour`, `dateDebutSejour`, `dateFinSejour`, `prixSejour`, `arrhesSejour`)   VALUES(7, 3, 5, '2009-09-01 00:00:00', '2009-07-01 00:00:00', '2009-07-31 00:00:00', 1400, 450);
INSERT INTO `reservations`(`idReservation`,  `IdChambre` , `idClient`,`dateReservationSejour`, `dateDebutSejour`, `dateFinSejour`, `prixSejour`, `arrhesSejour`)   VALUES(8, 4, 6, '2009-05-10 00:00:00', '2009-08-01 00:00:00', '2009-08-31 00:00:00', 2400, 780);
INSERT INTO `reservations`(`idReservation`,  `IdChambre` , `idClient`,`dateReservationSejour`, `dateDebutSejour`, `dateFinSejour`, `prixSejour`, `arrhesSejour`)   VALUES(9, 4, 6, '2009-06-26 00:00:00', '2009-07-01 00:00:00', '2009-07-31 00:00:00', 500, 80);
INSERT INTO `reservations`(`idReservation`,  `IdChambre` , `idClient`,`dateReservationSejour`, `dateDebutSejour`, `dateFinSejour`, `prixSejour`, `arrhesSejour`)   VALUES(10, 4, 8, '2009-07-09 00:00:00', '2009-09-01 00:00:00', '2009-09-22 00:00:00', 40, 0);
INSERT INTO `reservations`(`idReservation`,  `IdChambre` , `idClient`,`dateReservationSejour`, `dateDebutSejour`, `dateFinSejour`, `prixSejour`, `arrhesSejour`)   VALUES(11, 8, 15, '2009-06-09 00:00:00', '2009-07-20 00:00:00', '2009-08-04 00:00:00', 580, 58);
INSERT INTO `reservations`(`idReservation`,  `IdChambre` , `idClient`,`dateReservationSejour`, `dateDebutSejour`, `dateFinSejour`, `prixSejour`, `arrhesSejour`)   VALUES(12, 9, 17, '2009-06-04 00:00:00', '2009-09-17 00:00:00', '2009-10-02 00:00:00', 140, 14);
INSERT INTO `reservations`(`idReservation`,  `IdChambre` , `idClient`,`dateReservationSejour`, `dateDebutSejour`, `dateFinSejour`, `prixSejour`, `arrhesSejour`)   VALUES(13, 8, 15, '2009-06-03 00:00:00', '2009-08-20 00:00:00', '2009-09-04 00:00:00', 360, 36);
INSERT INTO `reservations`(`idReservation`,  `IdChambre` , `idClient`,`dateReservationSejour`, `dateDebutSejour`, `dateFinSejour`, `prixSejour`, `arrhesSejour`)   VALUES(14, 4, 20, '2009-05-19 00:00:00', '2009-08-09 00:00:00', '2009-08-24 00:00:00', 1380, 138);
INSERT INTO `reservations`(`idReservation`,  `IdChambre` , `idClient`,`dateReservationSejour`, `dateDebutSejour`, `dateFinSejour`, `prixSejour`, `arrhesSejour`)   VALUES(15, 13, 16, '2009-06-15 00:00:00', '2009-08-05 00:00:00', '2009-08-20 00:00:00', 420, 42);
INSERT INTO `reservations`(`idReservation`,  `IdChambre` , `idClient`,`dateReservationSejour`, `dateDebutSejour`, `dateFinSejour`, `prixSejour`, `arrhesSejour`)   VALUES(16, 13, 16, '2009-05-26 00:00:00', '2009-07-03 00:00:00', '2009-07-18 00:00:00', 360, 36);
INSERT INTO `reservations`(`idReservation`,  `IdChambre` , `idClient`,`dateReservationSejour`, `dateDebutSejour`, `dateFinSejour`, `prixSejour`, `arrhesSejour`)   VALUES(17, 12, 1, '2009-05-20 00:00:00', '2009-09-24 00:00:00', '2009-10-09 00:00:00', 680, 68);
INSERT INTO `reservations`(`idReservation`,  `IdChambre` , `idClient`,`dateReservationSejour`, `dateDebutSejour`, `dateFinSejour`, `prixSejour`, `arrhesSejour`)   VALUES(18, 21, 15, '2009-06-16 00:00:00', '2009-09-14 00:00:00', '2009-09-29 00:00:00', 1280, 128);
INSERT INTO `reservations`(`idReservation`,  `IdChambre` , `idClient`,`dateReservationSejour`, `dateDebutSejour`, `dateFinSejour`, `prixSejour`, `arrhesSejour`)   VALUES(19, 14, 19, '2009-05-31 00:00:00', '2009-09-16 00:00:00', '2009-10-01 00:00:00', 420, 42);
INSERT INTO `reservations`(`idReservation`,  `IdChambre` , `idClient`,`dateReservationSejour`, `dateDebutSejour`, `dateFinSejour`, `prixSejour`, `arrhesSejour`)   VALUES(20, 24, 12, '2009-06-06 00:00:00', '2009-08-28 00:00:00', '2009-09-12 00:00:00', 260, 26);
INSERT INTO `reservations`(`idReservation`,  `IdChambre` , `idClient`,`dateReservationSejour`, `dateDebutSejour`, `dateFinSejour`, `prixSejour`, `arrhesSejour`)   VALUES(21, 12, 9, '2009-06-08 00:00:00', '2009-09-08 00:00:00', '2009-09-23 00:00:00', 1380, 138);
INSERT INTO `reservations`(`idReservation`,  `IdChambre` , `idClient`,`dateReservationSejour`, `dateDebutSejour`, `dateFinSejour`, `prixSejour`, `arrhesSejour`)   VALUES(22, 4, 12, '2009-06-11 00:00:00', '2009-09-27 00:00:00', '2009-10-12 00:00:00', 1430, 143);
INSERT INTO `reservations`(`idReservation`,  `IdChambre` , `idClient`,`dateReservationSejour`, `dateDebutSejour`, `dateFinSejour`, `prixSejour`, `arrhesSejour`)   VALUES(23, 23, 1, '2009-05-24 00:00:00', '2009-09-05 00:00:00', '2009-09-20 00:00:00', 820, 82);
INSERT INTO `reservations`(`idReservation`,  `IdChambre` , `idClient`,`dateReservationSejour`, `dateDebutSejour`, `dateFinSejour`, `prixSejour`, `arrhesSejour`)   VALUES(24, 10, 11, '2009-05-14 00:00:00', '2009-08-17 00:00:00', '2009-09-01 00:00:00', 650, 65);
INSERT INTO `reservations`(`idReservation`,  `IdChambre` , `idClient`,`dateReservationSejour`, `dateDebutSejour`, `dateFinSejour`, `prixSejour`, `arrhesSejour`)   VALUES(25, 20, 14, '2009-05-26 00:00:00', '2009-07-23 00:00:00', '2009-08-07 00:00:00', 1290, 129);
INSERT INTO `reservations`(`idReservation`,  `IdChambre` , `idClient`,`dateReservationSejour`, `dateDebutSejour`, `dateFinSejour`, `prixSejour`, `arrhesSejour`)   VALUES(26, 15, 19, '2009-06-09 00:00:00', '2009-07-27 00:00:00', '2009-08-11 00:00:00', 1030, 103);
INSERT INTO `reservations`(`idReservation`,  `IdChambre` , `idClient`,`dateReservationSejour`, `dateDebutSejour`, `dateFinSejour`, `prixSejour`, `arrhesSejour`)   VALUES(27, 17, 17, '2009-06-01 00:00:00', '2009-09-04 00:00:00', '2009-09-19 00:00:00', 470, 47);
INSERT INTO `reservations`(`idReservation`,  `IdChambre` , `idClient`,`dateReservationSejour`, `dateDebutSejour`, `dateFinSejour`, `prixSejour`, `arrhesSejour`)   VALUES(28, 14, 16, '2009-05-09 00:00:00', '2009-07-18 00:00:00', '2009-08-02 00:00:00', 1460, 146);
INSERT INTO `reservations`(`idReservation`,  `IdChambre` , `idClient`,`dateReservationSejour`, `dateDebutSejour`, `dateFinSejour`, `prixSejour`, `arrhesSejour`)   VALUES(29, 21, 6, '2009-06-09 00:00:00', '2009-09-21 00:00:00', '2009-10-06 00:00:00', 1310, 131);
INSERT INTO `reservations`(`idReservation`,  `IdChambre` , `idClient`,`dateReservationSejour`, `dateDebutSejour`, `dateFinSejour`, `prixSejour`, `arrhesSejour`)   VALUES(30, 20, 9, '2009-05-23 00:00:00', '2009-08-12 00:00:00', '2009-08-27 00:00:00', 460, 46);
INSERT INTO `reservations`(`idReservation`,  `IdChambre` , `idClient`,`dateReservationSejour`, `dateDebutSejour`, `dateFinSejour`, `prixSejour`, `arrhesSejour`)   VALUES(31, 18, 17, '2009-05-06 00:00:00', '2009-08-09 00:00:00', '2009-08-24 00:00:00', 350, 35);
INSERT INTO `reservations`(`idReservation`,  `IdChambre` , `idClient`,`dateReservationSejour`, `dateDebutSejour`, `dateFinSejour`, `prixSejour`, `arrhesSejour`)   VALUES(32, 23, 14, '2009-05-15 00:00:00', '2009-09-02 00:00:00', '2009-09-17 00:00:00', 890, 89);
INSERT INTO `reservations`(`idReservation`,  `IdChambre` , `idClient`,`dateReservationSejour`, `dateDebutSejour`, `dateFinSejour`, `prixSejour`, `arrhesSejour`)   VALUES(33, 12, 14, '2009-05-23 00:00:00', '2009-09-02 00:00:00', '2009-09-17 00:00:00', 1440, 144);
INSERT INTO `reservations`(`idReservation`,  `IdChambre` , `idClient`,`dateReservationSejour`, `dateDebutSejour`, `dateFinSejour`, `prixSejour`, `arrhesSejour`)   VALUES(34, 19, 17, '2009-06-12 00:00:00', '2009-08-02 00:00:00', '2009-08-17 00:00:00', 1010, 101);
INSERT INTO `reservations`(`idReservation`,  `IdChambre` , `idClient`,`dateReservationSejour`, `dateDebutSejour`, `dateFinSejour`, `prixSejour`, `arrhesSejour`)   VALUES(35, 16, 13, '2009-05-12 00:00:00', '2009-07-02 00:00:00', '2009-07-17 00:00:00', 790, 79);
INSERT INTO `reservations`(`idReservation`,  `IdChambre` , `idClient`,`dateReservationSejour`, `dateDebutSejour`, `dateFinSejour`, `prixSejour`, `arrhesSejour`)   VALUES(36, 2, 5, '2009-06-01 00:00:00', '2009-06-28 00:00:00', '2009-07-13 00:00:00', 270, 27);
INSERT INTO `reservations`(`idReservation`,  `IdChambre` , `idClient`,`dateReservationSejour`, `dateDebutSejour`, `dateFinSejour`, `prixSejour`, `arrhesSejour`)   VALUES(37, 19, 19, '2009-05-15 00:00:00', '2009-08-07 00:00:00', '2009-08-22 00:00:00', 660, 66);
INSERT INTO `reservations`(`idReservation`,  `IdChambre` , `idClient`,`dateReservationSejour`, `dateDebutSejour`, `dateFinSejour`, `prixSejour`, `arrhesSejour`)   VALUES(38, 4, 13, '2009-06-13 00:00:00', '2009-09-28 00:00:00', '2009-10-13 00:00:00', 140, 14);
INSERT INTO `reservations`(`idReservation`,  `IdChambre` , `idClient`,`dateReservationSejour`, `dateDebutSejour`, `dateFinSejour`, `prixSejour`, `arrhesSejour`)   VALUES(39, 19, 14, '2009-06-03 00:00:00', '2009-08-06 00:00:00', '2009-08-21 00:00:00', 1460, 146);
INSERT INTO `reservations`(`idReservation`,  `IdChambre` , `idClient`,`dateReservationSejour`, `dateDebutSejour`, `dateFinSejour`, `prixSejour`, `arrhesSejour`)   VALUES(40, 4, 6, '2009-05-10 00:00:00', '2009-09-13 00:00:00', '2009-09-28 00:00:00', 790, 79);
INSERT INTO `reservations`(`idReservation`,  `IdChambre` , `idClient`,`dateReservationSejour`, `dateDebutSejour`, `dateFinSejour`, `prixSejour`, `arrhesSejour`)   VALUES(41, 20, 15, '2009-05-19 00:00:00', '2009-09-10 00:00:00', '2009-09-25 00:00:00', 390, 39);
